scifi	this is a train sci-fi text
scifi	this is a train sci-fi text
scifi	this is a train sci-fi text
non_scifi	this is a train non_scifi text
non_scifi	this is a train non_scifi text
non_scifi	this is a train non_scifi text
scifi	this is a train sci-fi text
scifi	this is a train sci-fi text
scifi	this is a train sci-fi text
non_scifi	this is a train non_scifi text
non_scifi	this is a train non_scifi text
non_scifi	this is a train non_scifi text
scifi	this is a train sci-fi text
scifi	this is a train sci-fi text
scifi	this is a train sci-fi text
non_scifi	this is a train non_scifi text
non_scifi	this is a train non_scifi text
non_scifi	this is a train non_scifi text
scifi	this is a train sci-fi text
scifi	this is a train sci-fi text
scifi	this is a train sci-fi text
non_scifi	this is a train non_scifi text
non_scifi	this is a train non_scifi text
non_scifi	this is a train non_scifi text
scifi	this is a train sci-fi text
scifi	this is a train sci-fi text
scifi	this is a train sci-fi text
non_scifi	this is a train non_scifi text
non_scifi	this is a train non_scifi text
non_scifi	this is a train non_scifi text
scifi	this is a train sci-fi text
scifi	this is a train sci-fi text
scifi	this is a train sci-fi text
non_scifi	this is a train non_scifi text
non_scifi	this is a train non_scifi text
non_scifi	this is a train non_scifi text
scifi	this is a train sci-fi text
scifi	this is a train sci-fi text
scifi	this is a train sci-fi text
non_scifi	this is a train non_scifi text
non_scifi	this is a train non_scifi text
non_scifi	this is a train non_scifi text
scifi	this is a train sci-fi text
scifi	this is a train sci-fi text
scifi	this is a train sci-fi text
non_scifi	this is a train non_scifi text
non_scifi	this is a train non_scifi text
non_scifi	this is a train non_scifi text
